Workbook

Sheet מוסדות - דרוזי
A1: שם להקמה | B1: סמל להקמה | C1: תוכנית | D1: רשות להקמה
A2: עספייא א' | B2: 318303 | D2: עספיא
A3: חטיבת ב אבוח סנאן ע"ש עאטף משלב | B3: 640615 | D3: אבו סנאן
A4: חט"ב אלאשראק | B4: 284230 | D4: עספיא
A5: אמליסון | B5: 642561 | D5: ירושלים
A6: מנהיגות ע"ש פארוק | B6: 318295 | D6: עספיא
A7: יסודי אלאשראק | B7: 218857 | D7: עספיא
A8: גן אלנג'ום | B8: 162065 | D8: עין קניה
A9: אלסעאדה | B9: 601310 | D9: מג'אר
A10: גן וורוד | B10: 137638 | D10: ירכא
A11: גן אלשבאל | B11: 174318 | D11: עספיא
A12: גן אלאמאן | B12: 200006 | D12: דאלית אל-כרמל
A13: אלחכמה פקיעין | B13: 647858 | D13: פקיעין
... A126: גן השלום | B126: 600403 | D126: ג'וליס

Sheet תוכניות דרוזי
A1: תוכנית
A2: חינוך לקריירה אקדמיה ותעסוקה - גליל כרמל
A3: ליווי תהליכים מערכתיים - גליל כרמל
A4: מתכלל טיפוח מנהיגות - גליל כרמל
A5: ליווי תוכניות עברית על כל הרצף
A6: חינוך לקריירה- יזמות וחדשנות - גליל כרמל
A7: טיפול רגשי והשגים לימודיים - רמת הגולן
A8: ייעוץ ארגוני וניתוח נותנים לתכנית החומש - גליל כרמל
A9: טיפול רגשי והשגים לימודיים - גליל כרמל

Sheet דרום בדואי
A1: שם להקמה | B1: סמל להקמה | C1: תוכנית | D1: רשות להקמה
A2: אורט אבו רביעה | B2: 800037 | D2: כסיפה
A3: אלביאן | B3: 648089 | D3: תל שבע
A4: חט"ב אלספווה תל שבע | B4: 800144 | D4: תל שבע
A5: רב תחומי לקיה | B5: 648097 | D5: לקיה
A6: מקיף דאר אלקלם | B6: 648238 | D6: רהט
A7: קטאין אלשומר | B7: 342352 | D7: אום אל-פחם
A8: מקיף אלתקוא | B8: 648329 | D8: רהט
A9: מקיף אלסלאם חורה | B9: 648337 | D9: חורה
A10: אבן רושד | B10: 640797 | D10: רהט
A11: תיכון אורט אבו תלול | B11: 660233 | D11: אבו תלול
A12: טומשין מולדה | B12: 648345 | D12: אל קסום
A13: מקיף ערערה-בנגב | B13: 641050 | D13: ערערה בנגב
... A25: מקיף אלנור חורה | B25: 644203 | D25: חורה

Sheet תוכניות דרום בדואי
A1: תוכנית
A2: רכזת תוכנית החומש
A3: תכלול תכנית החומש
A4: מלווה נשירה והתמדה ותכניות מיוחדות

Sheet מזרח ירושלים
A1: שם להקמה | B1: סמל להקמה | C1: תוכנית | D1: רשות להקמה
A2: צור באהר רחוב קיסאו | B2: 469585 | D2: ירושלים
A3: מקיף אבן חלדון | B3: 148197 | D3: ירושלים
A4: כפר עקב רחוב זגייר | B4: 424408 | D4: ירושלים
A5: ואדי אלגוז קלמקדסי 54 | B5: 808840 | D5: ירושלים
A6: מקיף בית צפאפא | B6: 148056 | D6: ירושלים
A7: העיר העתיקה עומרייה יסודי בנים רחוב אלאלאם | B7: 808923 | D7: ירושלים
A8: עיסוויה בנות סירת | B8: 119826 | D8: ירושלים
A9: סילוואן אבו חלף רחוב אלגול | B9: 131540 | D9: ירושלים
A10: אבו טור | B10: 401034 | D10: ירושלים
A11: צור באהר רחוב אלמדארס | B11: 246330 | D11: ירושלים
A12: שעפאט ואדי חלף חאפז אבראהים 21 | B12: 764787 | D12: ירושלים
A13: סילואן יסודי לבנות | B13: 118182 | D13: ירושלים
... A207: גן ניבין | B207: 774547 | D207: ירושלים

Sheet תוכניות מזרח ירושלים
A1: תוכניות
A2: צוות חומש - ליווי התוכנית
A3: שעות תגבור לניהול הבלתי פורמלי בבי"ס

Sheet ערבי אתגרים
A1: שם להקמה | B1: סמל להקמה | C1: תוכנית | D1: רשות להקמה
A2: מדעים ותיכון גלגוליה | B2: 448050 | D2: ג'לג'וליה
A3: אלגנאת | B3: 193086 | D3: חיפה
A4: אלזהרא א | B4: 404939 | D4: חיפה
A5: אלמיאסים | B5: 197152 | D5: חיפה
A6: אלכרמיל | B6: 526731 | D6: חיפה
A7: אלאחלאם | B7: 162008 | D7: חיפה
A8: אלאסדקא | B8: 156802 | D8: חיפה
A9: אבן סינא מלחם | B9: 149591 | D9: ג'דיידה מכר
A10: תיכון עתיד אלאהליה | B10: 347070 | D10: אום אל-פחם
A11: אלנורס | B11: 189852 | D11: טובא-זנגריה
A12: גן אלנור | B12: 780130 | D12: כפר כנא
A13: אל-ואם | B13: 451575 | D13: טייבה
... A784: ברנקו וייס עין נקובה עין ראפה | B784: 442822 | D784: ירושלים

Sheet תוכניות ערבי אתגרים
A1: תוכניות
A2: ליווי בעלי תפקידים
A3: חוגים בגנים
A4: ליווי מנהלים וליווי הערכה
A5: מובילות תחום
A6: אולפני עברית לחט"ע

Sheet תקנה מרכזית
A1: שם להקמה | B1: סמל להקמה | C1: תוכנית | D1: רשות להקמה
A2: אבן חלדון | B2: 318428 | D2: =VLOOKUP(B2,[1]גיליון1!$A$2:$C$1980,3,) -> אום אל-פחם
A3: סאלם יסודי | B3: 318246 | D3: =VLOOKUP(B3,[1]גיליון1!$A$2:$C$1980,3,) -> מעלה עירון
A4: בית יסודי קחאוש | B4: 318873 | D4: =VLOOKUP(B4,[1]גיליון1!$A$2:$C$1980,3,) -> אום אל-פחם
A5: יסודי מוסמוס | B5: 318204 | D5: =VLOOKUP(B5,[1]גיליון1!$A$2:$C$1980,3,) -> מעלה עירון
A6: ממלכתי אל סאלם - חדש | B6: 418301 | D6: =VLOOKUP(B6,[1]גיליון1!$A$2:$C$1980,3,) -> קלנסווה
A7: בית חנינה זהראא אבו מאדי 14 | B7: 469494 | D7: =VLOOKUP(B7,[1]גיליון1!$A$2:$C$1980,3,) -> ירושלים
A8: מקיף נחל עירון | B8: 348676 | D8: =VLOOKUP(B8,[1]גיליון1!$A$2:$C$1980,3,) -> בסמ"ה
A9: חווה חקלאית ואדי עתיר | B9: 612002 | D9: =VLOOKUP(B9,[1]גיליון1!$A$2:$C$1980,3,) -> חורה
A10: יסודי ב כפר כנא | B10: 218404 | D10: =VLOOKUP(B10,[1]גיליון1!$A$2:$C$1980,3,) -> כפר כנא
A11: אלקנדיל | B11: 353169 | D11: =VLOOKUP(B11,[1]גיליון1!$A$2:$C$1980,3,) -> ג'סר א-זרקא
A12: אלשאטאא | B12: 318097 | D12: =VLOOKUP(B12,[1]גיליון1!$A$2:$C$1980,3,) -> ג'סר א-זרקא
A13: אחווה | B13: 318162 | D13: =VLOOKUP(B13,[1]גיליון1!$A$2:$C$1980,3,) -> חיפה
... A155: אלסייד | B155: 618090 | D155: =VLOOKUP(B155,[1]גיליון1!$A$2:$C$1980,3,) -> אל קסום

Sheet תוכניות תקנה מרכזית
A1: תוכניות
A2: ליווי מנהיגות צעירה
A3: ליווי מטה תקנה מרכזית
A4: תכנית להעלאת מודעות לרווחת בעלי חיים בחברה הערבית
